32 in 1,,Atari,1988,"Educational, Sports","A multi-genre cartridge. It is a PAL-only release and is compatible with the Atari 7800.[4] 32 games are included, including games by Atari, Inc., Activision, CommaVid, and U.S. Games."
3-D Tic-Tac-Toe,Carol Shaw,Atari,1978,Strategy,
Adventure,Warren Robinett,Atari,1979,"Adventure, Action-RPG","Contains first well-known Easter egg, containing the designer's name."
Air-Sea Battle,Larry Kaplan,Atari,1977,Action,One of the nine Atari 2600 launch games.
Alpha Beam with Ernie,"Michael Callahan (programmer), Preston Stuart (graphics)",Atari,1983,Educational,Co-developed by Children's Computer Workshop
Asterix,Steve Woita,Atari,1983,Action,Primarily a PAL release. Same game as Taz but with altered graphics.
Asteroids,Brad Stewart,Atari,1981,Action,
Atari Video Cube,,Atari,1983,Strategy,Originally released as mail-order through Atari Club.
Backgammon,Craig Nelson,Atari,1979,Strategy,
Basic Math AKA Fun With Numbers,Gary Palmer,Atari,1977,Educational,One of the nine Atari 2600 launch games
BASIC Programming,Warren Robinett,Atari,1979,Educational,
Basketball,Alan Miller,Atari,1978,Sports,
Battlezone,Mike Feinstein and Brad Rice,Atari,1983,"Action, Simulation",
Berzerk,Dan Hitchens,Atari,1982,Action,Licensed by Stern Electronics
Big Bird's Egg Catch,Christopher Omarzu,Atari,1983,"Educational, Strategy",Co-developed by Children's Computer Workshop
Blackjack,Bob Whitehead,Atari,1977,Simulation,One of the nine Atari 2600 launch games
Bowling,Larry Kaplan,Atari,1979,Sports,
Brain Games,Larry Kaplan,Atari,1978,"Educational, Strategy",
Breakout,Brad Stewart,Atari,1978,Action,
Canyon Bomber,David Crane,Atari,1979,Action,
Casino,Bob Whitehead,Atari,1978,Strategy,
Centipede,,Atari,1983,Action,
Circus Atari,Michael Lorenzen,Atari,1980,Action,
Codebreaker,Unknown,Atari,1978,Strategy,
Combat,"Larry Wagner, Joe Decuir",Atari,1977,Action,One of the nine Atari 2600 launch games
A Game of Concentration,Jim Huether,Atari,1978,Traditional,Re-release of Hunt & Score
Cookie Monster Munch,Gary Stark,Atari,1983,Educational,Co-developed by Children's Computer Workshop.
Crazy Climber,Alex Leavens,Atari,1983,Action,Licensed by Nihon Bussan Co. Mail-order exclusive through Atari Club.
Crossbow,,Atari,1987,Action,Licensed by Exidy
Crystal Castles,"Peter C. Niday (programmer), Robert Vieira (sound), Michael Kosaka (graphics)",Atari,1984,Action,
Dark Chambers,John Palevich,Atari,1988,Action,
Defender,Bob Polaro,Atari,1982,Action,Licensed by Williams Electronics
Defender II,"Bill Aspromonte (programmer), Andrew Fuchs (sound)",Atari,1988,Action,Re-release of Stargate
Demons to Diamonds,Nick Turner,Atari,1982,Action,
Desert Falcon,Bob Polaro,Atari,1987,Action,
Dig Dug,,Atari,1983,Action,Licensed by Namco
Dodge 'Em,Carla Meninsky,Atari,1980,"Action, Racing",
Donald Duck's Speedboat,Suki Lee,Atari,1983,Action,Only released in Brazil
Double Dunk,Matthew Hubbard,Atari,1989,Sports,
E.T. the Extra-Terrestrial,Howard Scott Warshaw,Atari,1982,Adventure,Considered the worst video game of all time and cause of the “video game crash of 1983”
Fatal Run,Steve Aguirre,Atari,1990,"Action, Racing / Driving",PAL-only release; developed by Sculptured Software
Flag Capture,Jim Huether,Atari,1978,Strategy,
Football,Bob Whitehead,Atari,1978,Sports,
Galaxian,"Mark Ackerman, Glen Parker and Tom Calderwood",Atari,1983,Action,Licensed by Namco
Golf,Michael Lorenzen,Atari,1980,Sports,
Gravitar,,Atari,1983,Action,
Gremlins,"Scott Smith (programmer), Mimi Nyden (graphics), Robert Vieira (sound)",Atari,1984,Action,
Hangman,Alan Miller,Atari,1978,Strategy,
Haunted House,James Andreasen,Atari,1982,"Action, Adventure",
Home Run,Bob Whitehead,Atari,1978,Sports,
Human Cannonball,Unknown,Atari,1978,Strategy,Based on an unreleased arcade concept by Owen Rubin
Hunt & Score (see Concentration),Jim Huether,Atari,1978,Strategy,
Ikari Warriors,,Atari,1989,Action,Licensed by SNK
Indy 500,Ed Riddle,Atari,1977,Racing,One of the nine Atari 2600 launch games
Joust,Mike Feinstein and Kevin Osborn,Atari,1983,Action,Licensed by Williams Electronics
Jr. Pac-Man,Ava-Robin Cohen,Atari,1986,Action,Licensed by Bally Midway
Jungle Hunt,Mike Feinstein and John Allred,Atari,1983,Side-scrolling action,Licensed by Taito
Kangaroo,Kevin Osborn,Atari,1983,Action,Licensed by Sun Electronics
Klax,Steve DeFrisco,Atari,1990,"Action, Strategy",PAL-only. Last official game released for 2600.
Krull,Dave Staugas,Atari,1983,Action,
Mario Bros.,Dan Hitchens,Atari,1983,Action,Licensed by Nintendo
Math Gran Prix,Suki Lee,Atari,1982,"Educational, Racing",
Maze Craze: A Game of Cops and Robbers,Rick Maurer,Atari,1980,Action,
Midnight Magic,Glenn Axworthy,Atari,1986,Action,
Millipede,"Dave Staugas (programmer), Jerome Domurat (graphics), Andrew Fuchs (sound), Robert Vieira (sound)",Atari,1984,Fixed Shooter,
Miniature Golf,Tom Reuterdahl,Atari,1979,"Simulation, Sports, Strategy",
Missile Command,Rob Fulop,Atari,1981,Action,
Moon Patrol,,Atari,1983,Action,licensed by Irem
MotoRodeo,Steve DeFrisco,Atari,1990,"Racing / Driving, Sports",Developed by Axlon
Ms. Pac-Man,Mike Horowitz and Josh Littlefield,Atari,1983,Action,Licensed by Bally Midway[6]
Night Driver,Rob Fulop,Atari,1980,"Action, Racing / Driving",
Obelix,"Suki Lee (programmer), Dave Jolly (graphics), Jeff Gusman (sound), Andrew Fuchs (sound)",Atari,1983,Action,
Off the Wall,,Atari,1989,Action,
Oscar's Trash Race,"Christopher Omarzu (programmer), Preston Stuart (graphics)",Atari,1983,"Educational, Racing / Driving",Co-developed by Children's Computer Workshop
Othello,Ed Logg,Atari,1980,Strategy,
Outlaw,David Crane,Atari,1978,Action,
Pac-Man,Tod Frye,Atari,1982,Action,Licensed by Namco
Pelé's Soccer AKA Championship Soccer,Steve Wright,Atari,1980,"Action, Sports",
Pengo,"Mark R. Hahn (programmer), Andrew Fuchs (sound), Jeff Gusman (sound), Courtney Granner (unknown)",Atari,1984,Action,"Licensed by Coreland, Sega"
Pepsi Invaders,Christopher Omarzu,Atari,1983,Action,A special version of Space Invaders commissioned by Coca-Cola.
Phoenix,Mike Feinstein and John Mracek,Atari,1983,Action,Licensed by Amstar Electronics.
Pigs in Space,"Rob Zdybel (programmer), John Russell (programmer), Bill Aspromonte (programmer), Michael Sierchio (designer)",Atari,1983,Action,
Pole Position,Doug Macrae and John Allred,Atari,1983,Racing / Driving,Licensed by Namco
Quadrun,Steve Woita,Atari,1983,Action,Mail-order exclusive through Atari Club.
Radar Lock,Doug Neubauer,Atari,1989,Action,
Raiders of the Lost Ark,Howard Scott Warshaw,Atari,1982,Adventure,
RealSports Baseball,Joseph Tung,Atari,1982,"Action, Sports",
RealSports Boxing,Alex DeMeo,Atari,1987,"Action, Sports",
RealSports Football,Robert Zdybel,Atari,1982,Sports,
RealSports Soccer,Michael Sierchio,Atari,1983,Sports,
RealSports Tennis,,Atari,1983,Sports,
RealSports Volleyball,"Bob Polaro (programmer), Alan Murphy (graphics)",Atari,1982,Sports,
Road Runner,Bob Polaro,Atari,1989,"Action, Racing / Driving",
Rubik's Cube,,Atari,1983,Strategy,Re-release of Atari Video Cube
Secret Quest,"Steve DeFrisco (programmer), Nolan Bushnell (designer)",Atari,1989,Adventure,Developed by Axlon.
Sentinel,David Lubar (programmer),Atari,1990,Action,
Sky Diver,Jim Huether,Atari,1979,Action,
Slot Machine,David Crane,Atari,1979,Simulation,
Slot Racers,Warren Robinett,Atari,1978,Action,
Snoopy and the Red Baron,"Richard Dobbis (programmer), Sam Comstock (graphics)",Atari,1983,Action,
Solaris,Doug Neubauer,Atari,1986,Action,Originally released by mail-order through Atari Club.
Sorcerer's Apprentice,Peter C. Niday,Atari,1983,Action,
Space Invaders,Rick Maurer,Atari,1980,Action,Licensed by Taito
Space War,Ian Shepard,Atari,1978,Action,
Sprint Master,Bob Polaro,Atari,1988,"Action, Racing / Driving",
Stargate,"Bill Aspromonte (programmer), Andrew Fuchs (sound)",Atari,1984,Action,Licensed by Williams Electronic Games
Star Raiders,Carla Meninsky,Atari,1982,"Action, Strategy",
Star Ship,Bob Whitehead,Atari,1977,Action,One of the nine Atari 2600 launch games
Steeplechase,Jim Huether,Atari,1980,"Action, Sports",One of the three games Atari produced exclusively for Sears.
Stellar Track,Robert Zdybel,Atari,1980,"Simulation, Strategy",One of the three games Atari produced exclusively for Sears.
Street Racer,Larry Kaplan,Atari,1977,Racing / Driving,One of the nine Atari 2600 launch games
Submarine Commander,Matthew Hubbard,Atari,1982,Simulation,One of the three games Atari produced exclusively for Sears.
Super Baseball,,Atari,1988,"Action, Sports",
Super Breakout,Nick Turner,Atari,1981,Action,
Super Football,Doug Neubauer,Atari,1988,Sports,
Superman,John Dunn,Atari,1979,"Action, Adventure",
Surround,Alan Miller,Atari,1977,Action,One of the nine Atari 2600 launch games
Swordquest: Earthworld,Dan Hitchens,Atari,1982,"Action, Adventure",
Swordquest: Fireworld,Tod Frye,Atari,1983,Adventure,
Swordquest: Waterworld,Tod Frye,Atari,1983,Adventure,Sold via mail-order through Atari Club.
Taz,Steve Woita,Atari,1983,Action,
Track & Field,Seth Lipkin and Jacques Hugon,Atari,1983,Sports,Licensed by Konami.
Vanguard,Dave Payne,Atari,1983,Action,Licensed by SNK
Video Checkers,Carol Shaw,Atari,1980,Strategy,
Video Chess,"Larry Wagner, Bob Whitehead",Atari,1979,Strategy,
Video Olympics,Joe Decuir,Atari,1977,Action,One of the nine Atari 2600 launch games
Video Pinball,Bob Smith,Atari,1980,Pinball,
Warlords,Carla Meninsky,Atari,1981,Action,
Xenophobe,,Atari,1990,Action,Licensed by Bally Midway
Yars' Revenge,Howard Scott Warshaw,Atari,1982[7][8],Action,
Acid Drop,Dennis Kiss[11],Salu Ltd,1992,Strategy,PAL-only; puzzle game; last game released. Atari 2600s stopped being manufactured
The Activision Decathlon,Activision (David Crane),Activision,1983,Sports,
Adventures of Tron,APh Technological Consulting,M Network,1982,Action,
Airlock,Data Age,Data Age,1982,Action,
Air Raid,MenAVision,MenAVision,1982,Action,Only 13 copies known to exist[citation needed]
Air Raiders,APh Technological Consulting,M Network,1982,Action,
Alien,20th Century Fox,20th Century Fox,1982,Action,
Alien's Return,Gem International Corporation,Home Vision,1983,Action,Primarily a PAL release. Released in NTSC format as E.T Go Home
Amidar,Parker Brothers,Parker Brothers,1982,Action,licensed by Konami
Armor Ambush,APh Technological Consulting,M Network,1982,"Action, Racing / Driving",conversion of Intellivision Armor Battle
Artillery Duel/Chuck Norris Superkicks,Xonox,Xonox,1983,Strategy,double-ended cartridge
Artillery Duel/Ghost Manor,Xonox,Xonox,1983,Strategy,double-ended cartridge
Artillery Duel/Spike's Peak,Xonox,Xonox,1983,Strategy,double-ended cartridge
Artillery Duel,Action Graphics,Xonox,1983,Strategy,
Assault,Bomb,Bomb,1983,Action,
Astroblast,APh Technological Consulting,M Network,1982,Action,conversion of Intellivision Astrosmash
Atlantis,Imagic,Imagic,1982,Action,
Atlantis II,Imagic,Imagic,1982,Action,
Bachelor Party,Mystique,PlayAround,1982,"Adult, Action","Originally marketed under the ""Swedish Erotica"" series."
Bachelorette Party,,PlayAround,1982,"Adult, Action",Released as a 2-in-1 cart with Burning Desire
Bank Heist,20th Century Fox,20th Century Fox,1983,"Action, Racing / Driving",
Barnstorming,Activision,Activision,1982,Action,
Base Attack,Home Vision,Home Vision,1983?,shooter,Original version of Z-Tack
Beamrider,Cheshire Engineering,Activision,1983,Action,
Beany Bopper,Sirius Software,20th Century Fox,1982,Action,
Beat Em and Eat Em,Mystique,PlayAround,1982,"Adult, Action","Originally marketed under the ""Swedish Erotica"" series. First pornographic video game released for the Atari 2600."
Berenstain Bears,Coleco,Coleco,1983,Educational,Kid Vid Voice Module required to function
Bermuda,Suntek?,Suntek/Quelle/Rainbow Vision/Hertie,1983,Shooter,Hack of River Raid
Bermuda Triangle,Data Age,Data Age,1982,Action,
Birthday Mania,"Tokar, Robert Anthony",Personal Games Company,1984,Action,
Blue Print,CBS Electronics,CBS Electronics,1983,Action,licensed by Bally Midway
BMX Airmaster,Sculptured Software,TNT Games,1989,"Action, Sports",
Bobby Is Going Home,Bit Corporation,CCE,1983,,
Boing!,First Star Software,First Star Software,1983,Action,
Boxing,Activision (Bob Whitehead),Activision,1980,Sports,
Bridge,Activision (Larry Kaplan),Activision,1980,Strategy,
Buck Rogers: Planet of Zoom,Sega,Sega,1983,Action,
Bugs,Data Age,Data Age,1982,Action,
Bumper Bash,Spectravision,Spectravision,1983,Action,
Bump 'n' Jump,Mattel Electronics,M Network,1983,"Action, Racing / Driving",licensed by Data East USA
BurgerTime,Mattel Electronics,M Network,1982,Action,licensed by Data East USA
Burning Desire,,PlayAround,1983,"Adult, Action",Released as a 2-in-1 cart with Bachelorette Party
Busy Police,,Zellers,1983,,unlicensed reproduction of Keystone Kapers
Cakewalk,CommaVid,CommaVid,1983,Action,
California Games,Epyx,Epyx,1987,Sports,
Carnival,Woodside Design Associates,Coleco,1982,Action,
Cathouse Blues,,PlayAround,1982,Adult,
Challenge,,Funvision,,,Released in NTSC format by Zellers
Challenge of Nexar,Sirius Software,Spectravision,1982,Action,
Chase the Chuck Wagon,TMQ Software,Spectravision,1983,Action,
Checkers,Activision (Alan Miller),Activision,1980,Strategy,
China Syndrome,Spectravision,Spectravision,1983,Action,
Chopper Command,Activision (Bob Whitehead),Activision,1982,Action,
Chuck Norris Superkicks/Ghost Manor,Xonox,Xonox,1983,Action,double-ended cartridge
Chuck Norris Superkicks/Spike's Peak,Xonox,Xonox,1983,Action,double-ended cartridge
Chuck Norris Superkicks,Xonox,Xonox,1983,Action,
Coconuts,Telesys,Telesys,1982,Action,
Commando,Imagineering,Activision,1988,Action,licensed by Data East USA
Commando Raid,James Wickstead Design Associates,U.S. Games,1982,Action,
Communist Mutants from Space (cassette),Starpath,Starpath,1982,Action,
Condor Attack,,Ultravision,1983,,
Confrontation,Answer Software,Answer Software,1983,Strategy,Only originally available directly from Answer Software for a short time.
Congo Bongo,Sega,Sega,1983,Action,
Cosmic Ark,Imagic (Rob Fulop),Imagic,1982,Action,
Cosmic Commuter,Activision,Activision,1984,Action,
Cosmic Corridor,,Zimag,1983,,NTSC release of Bit Corporation's Space Tunnel
Cosmic Creeps,Telesys,Telesys,1982,Action,
Cosmic Free Fire,,Action Hi-Tech,,,PAL-format
Cosmic Swarm,CommaVid,CommaVid,1982,Action,
Crab Control,,Action Hi-Tech,,,PAL-format
Crackpots,Activision,Activision,1983,Action,
Crash Dive,20th Century Fox,20th Century Fox,1983,Action,
Creature Strike,,Home Entertainment Suppliers,1992,Shooter,"Released as part of a ""2 PAK SPECIAL"""
Cross Force,Spectravision,Spectravision,1983,Action,
Cruise Missile,,Froggo,1987,,Same game as Exocet released by Panda
Crypts of Chaos,20th Century Fox,20th Century Fox,1982,"Adventure, Role-Playing (RPG)",
Cubicolor,Rob Fulop,,1982,Strategy,
Custer's Revenge,Mystique,Mystique,1982,"Adult, Western","Originally marketed under the ""Swedish Erotica"" series. Withdrawn in the state of Oklahoma."
Dancing Plate,,Bit Corporation,1982,,PAL release
Dark Cavern,APh Technological Consulting,M Network,1982,,conversion of Intellivision Night Stalker
Deadly Discs,APh Technological Consulting,Telegames,1983,Action,reissue of M Network's Tron: Deadly Discs
Deadly Duck,Sirius Software,20th Century Fox,1982,Action,
Death Trap,Avalon Hill,Avalon Hill,1983,"Action, Strategy",
Demolition Herby,Telesys,Telesys,1983,Action,
Demon Attack,Imagic (Rob Fulop),Imagic,1982,Fixed shooter,
Dice Puzzle,,Panda,1983,,
Dishaster,Zimag,Zimag,1983,Action,Zimag's NTSC release of Bit Corporation's Dancing Plate
Dolphin,Activision,Activision,1983,Action,
Donkey Kong,Imaginative Systems Software,Coleco,1982,Action,"licensed by Nintendo Co., Ltd; reissued by Atari in 1988 (CX-26143)"
Donkey Kong Junior,Woodside Design Associates,Coleco,1983,Action,"licensed by Nintendo Co., Ltd; reissued by Atari in 1988 (CX-26144)"
Double Dragon,Imagineering,Activision,1989,Action,licensed by Technōs Japan
Dragon Treasure,,Zellers,1981,,unlicensed reproduction of Dragonfire
Dragonfire,Imagic (Bob Smith),Imagic,1982,Action,
Dragonstomper (cassette),Starpath,Starpath,1982,Role-Playing (RPG),
Dragster,Activision (David Crane),Activision,1980,Racing / Driving,
Dungeon Master,,Home Entertainment Suppliers,1992,"Action, Adventure","Released as part of a ""2 pak special"""
Earth Dies Screaming,Sirius Software,20th Century Fox,1982,Action,
Earth Attack,,Zellers,1983,,unlicensed reproduction of Defender
"Eddy Langfinger, der Museumsdieb",,Quelle,1983,Action,PAL release
Eggomania,James Wickstead Design Associates,U.S. Games,1982,Action,
Eli's Ladder,Simage,Simage,1982,Educational,
Encounter at L-5,Data Age,Data Age,1982,Action,
Enduro,Activision,Activision,1983,Racing / Driving,
Entombed,Western Technologies,U.S. Games,1983,"Action, Strategy",Researchers going through the game code in the 2010s have been unable to figure out how the game's maze-generating algorithm managed to consistently generate playable mazes. The original coder says he got it from another programmer who wrote it while drunk.
Escape from the Mindmaster (cassette),Starpath,Starpath,1982,Adventure,
Espial,Orca Corporation,Tigervision,1984,Action,
Exocet,Panda,Panda,1983,Action,Same game as Cruise Missile released by Froggo
Exocet Missile,,John Sands,,,PAL release
Extra Terrestrials,Herman Quast,Skill Screen Games,1984,Action,
Fantastic Voyage,Sirius Software,20th Century Fox,1982,Action,
Farmer Dan,,Zellers,,,unlicensed reproduction of Gopher
Fast Eddie,Sirius Software,20th Century Fox,1982,Action,
Fast Food,Telesys,Telesys,1982,Action,
Fathom,Imagic (Rob Fulop),Imagic,1983,Action,
Fighter Pilot,,Activision,,,PAL release of Tomcat: The F-14 Fighter Simulator
Final Approach,Apollo,Apollo,1982,"Simulation, Strategy",
Fireball (cassette),Starpath,Starpath,1982,Action,
Fire Fighter,Imagic (Brad Stewart),Imagic,1982,Action,
Fire Fly,Mythicon,Mythicon,1983,Action,
Fisher Price,,CCE,1983,,"Same game as Aquatak, Sea Hunt and Scuba Diver"
Fishing Derby,Activision (David Crane),Activision,1980,"Action, Sports",
Flash Gordon,Sirius Software,20th Century Fox,1983,Action,
Frankenstein's Monster,Data Age,Data Age,1983,Action,
Freeway,Activision (David Crane),Activision,1981,Action,
Frogger,APh Technological Consulting,Parker Brothers,1982,Action,
Frogs and Flies,APh Technological Consulting,M Network,1982,Action,conversion of Intellivision Frog Bog
The Official Frogger (cassette),Starpath,,1983,Action,
Frogger II: ThreeeDeep!,Parker Brothers,Parker Brothers,1984,Action,
Front Line,Individeo,Coleco,1984,Action,licensed by Taito
Frostbite,Activision,Activision,1983,Action,
Gamma-Attack,Gammation,Gammation,1983,Action,"Only one copy known to exist. It was listed on eBay for $500,000 but never sold."
Gangster Alley,Spectravision,Spectravision,1983,Action,
Gas Hog,Spectravision,Spectravision,1983,Action,
Gauntlet,Answer Software,Answer Software,1983,Action,
General Retreat,PlayAround,PlayAround,1983,"Adult, Western","Gender-swapped version of Custer’s Revenge, which never appeared in the US markets. PAL-only."
Ghostbusters,Activision (David Crane),Activision,1985,Action,
Ghostbusters II,Activision,Salu Ltd,1990/1992,Action,PAL-only
Ghost Manor/Spike's Peak,Xonox,Xonox,1983,Action,double-ended cartridge
Ghost Manor,Xonox,Xonox,1983,Action,
G.I. Joe: Cobra Strike,Parker Brothers,Parker Brothers,1983,Action,
Gigolo,,PlayAround,1982,Adult,Released as a 2-in-1 cart with Bachelor Party
Glacier Patrol,VSS,Telegames,1983,Action,
Glib,Qualtronic Devices,Selchow and Righter,1983,Strategy,
Gopher,James Wickstead Design Associates,U.S. Games,1982,Action,
Gorf,Roklan Corporation,CBS Electronics,1982,Action,licensed by Bally Midway
Grand Prix,Activision (David Crane),Activision,1982,Racing / Driving,
Great Escape,Bomb,Bomb,1983,Action,
Guardian,Apollo,Apollo,1982,Action,
Gyruss,Roklan Corporation,Parker Brothers,1984,Action,licensed by Konami
Halloween,VSS,Wizard Video,1983,Action,
Harbor Escape,,Panda,1983,,
H.E.R.O.,Activision,Activision,1984,Action,
I Want My Mommy,Zimag,Zimag,1983,Action,NTSC release of Bit Corporation's Open Sesame
Ice Hockey,Activision (Alan Miller),Activision,1981,"Action, Sports",
Inca Gold,,Zellers,1982,,Zeller's NTSC release of Funvision's Inca Gold
Infiltrate,Apollo,Apollo,1982,"Action, Strategy",
International Soccer,APh Technological Consulting,M Network,1982,Sports,
James Bond 007,On Time Software,Parker Brothers,1983,Action,
Jawbreaker,On-Line Systems,Tigervision,1981,Action,
Journey Escape,Data Age,Data Age,1982,Action,
Jungle Fever,PlayAround,PlayAround,1982,"Adult, Action",Released as a 2-in-1 cart with Knight on the Town
Kaboom!,"Activision (Larry Kaplan, David Crane)",Activision,1981,Action,
Karate,Ultravision,Ultravision,1982,Action,
Keystone Kapers,Activision,Activision,1983,Action,
Killer Satellites (cassette),Starpath,Starpath,1982,Action,
King Kong,Software Electronics,Tigervision,1982,Action,
Knight on the Town,,PlayAround,1982,"Adult, Action",Released as a 2-in-1 cart with Jungle Fever
Kool-Aid Man,Mattel Electronics,M Network,1983,Action,
Kung-Fu Master,Imagineering,Activision,1987,Action,licensed by Data East USA
Lady in Wading,PlayAround,PlayAround,1982,"Adult, Action",Released as a 2-in-1 cart with Beat 'Em & Eat 'Em
Laser Blast,Activision (David Crane),Activision,1981,Action,
Laser Gates,"Imagic, VentureVision",Imagic,1983,Action,
Laser Volley,,Zellers,1983,,unlicensed reproduction of Laser Gates
Lochjaw,Apollo,Apollo,1982,Action,Later released by Apollo as Shark Attack
Lock 'n' Chase,APh Technological Consulting,M Network,1982,Action,licensed by Data East USA.
London Blitz,Avalon Hill,Avalon Hill,1983,Strategy,
Lost Luggage,Apollo,Apollo,1982,Action,
M.A.D.,Western Technologies,U.S. Games,1982,Action,
MagiCard,CommaVid,CommaVid,1981,,
Malagai,,Answer Software,1983,Action,
Mangia,Spectravision,Spectravision,1983,Action,
Marauder,On-Line Systems,Tigervision,1982,,
Marine Wars,Digivision,Konami,1983,Action,PAL version released by Gakken.
M*A*S*H,20th Century Fox,20th Century Fox,1982,Action,
Master Builder,Spectravision,Spectravision,1983,Action,
Masters of the Universe: The Power of He-Man,Mattel Electronics,M Network,1983,Action,
MegaBoy,,Dynacom,1990,Educational,"The cartridge, the only known 64k Atari 2600 game, came with a Brazilian portable console also called Megaboy."
Mega Force,20th Century Fox,20th Century Fox,1982,Action,
Megamania,Activision,Activision,1982,Action,
Miner 2049er,Big Five Software,Tigervision,1983,Action,
Miner 2049er II,Big Five Software,Tigervision,1982,Action,
Mines of Minos,CommaVid,CommaVid,1983,Action,
Missile Control,,Video Gems,1983,Action,PAL-format
Mission 3000 A.D.,Bit Corporation,Bit Corporation,1983,Action,
Mission Survive,,Video Gems,1983,Action,PAL-format
Mogul Maniac,Video Soft,Amiga,1983,"Action, Simulation, Sports",
Montezuma's Revenge: Starring Panama Joe,James Wickstead Design Associates,Parker Brothers,1984,Action,
Moonsweeper,Imagic (Bob Smith),Imagic,1983,Action,
Motocross,,Quelle,1983,"Racing / Driving, Sports",
Motocross Racer,Xonox,Xonox,1984,Racing / Driving,
Mountain King,VSS,CBS Electronics,1983,Action,
Mouse Trap,James Wickstead Design Associates,Coleco,1982,Action,licensed by Exidy; reissued by Atari in 1988 (CX-26146)
Mr. Do!,Individeo,Coleco,1983,Action,"licensed by Universal Co., Ltd."
Mr. Do's Castle,Parker Brothers,Parker Brothers,1984,Action,"licensed by Universal Co., Ltd."
Mr. Postman,,Bit Corporation,1983,,
The Music Machine,Christian Software Development,"Sparrow, HomeComputer Software",1983,"Action, Educational",
My Golf,Imagineering (company),HES,1990,,PAL-only
Name This Game,James Wickstead Design Associates,U.S. Games,1982,Action,
Nightmare,,Sancho / Tang's Electronic Co.,1983,Action,Panda released this game as Stunt Man
Night Stalker,M Network,Telegames,1989,Action,PAL release of Dark Cavern
No Escape!,Imagic,Imagic,1983,Action,
Nuts,,Technovision,1983,,PAL-only
Ocean City Defender,,Zellers,,,unlicensed reproduction of Atlantis
Off Your Rocker,Amiga,Amiga,1983,Action,
Oink!,Activision (Mike Lorenzen),Activision,1983,Action,
Omega Race,CBS Electronics,CBS Electronics,1983,Action,licensed by Bally Midway
Open Sesame,Bit Corporation,Bit Corporation,1983,Action,PAL release
Out of Control,Avalon Hill,Avalon Hill,1983,"Action, Racing / Driving",
Pac-Kong,,Funvision,1983,Action,A later PAL release of Funvision's Inca Gold
Panda Chase,,Home Vision,1983,,PAL-only
Parachute,Gem International Corporation,Home Vision,1983,Action,PAL-only
Paris Attack,unknown,Starsoft,1982,Action / Shooter,PAL-only
Party Mix (cassette),Starpath,Starpath,1983,"Action, Racing / Driving",
Pete Rose Baseball,Imagineering,Absolute Entertainment,1988,Sports,
Phantom Tank,,Bit Corporation,1983,,PAL release
Phantom-Panzer,,Quelle,1983,Action,Quelle's PAL release of Bit Corporation's Phantom Tank
Phaser Patrol (cassette),Starpath,Starpath,1982,Action,
Philly Flasher,"Mystique, PlayAround",Mystique,1982,"Adult, Action",Released as a 2-in-1 cart with Cathouse Blues
Pick 'n Pile,Ubisoft,Salu Ltd,1990,Strategy,PAL-only
Picnic,Western Technologies,U.S. Games,1983,Action,
Piece o' Cake,Western Technologies,U.S. Games,1983,Action,
Pinball,,Zellers,,Pinball,unlicensed reproduction of Video Pinball
Piraten-Schiff,,Spectravision,,,PAL release of Gas Hog
Pitfall!,Activision (David Crane),Activision,1982,Action,
Pitfall II: Lost Caverns,Activision (David Crane),Activision,1984,Action,
Planet Patrol,Spectravision,Spectravision,1983,Action,
Planeten Patrouile,,Spectravision,,,PAL release of Planet Patrol
Plaque Attack,Activision,Activision,1983,Action,
Polaris,Tigervision,Tigervision,1982,Action,licensed by Taito
Pooyan,Konami,Konami,1983,Action,PAL version released by Gakken.
Popeye,Parker Brothers,Parker Brothers,1983,Action,licensed by Nintendo
Porky's,"Dunhill Electronic Media, Lazer Microsystems",20th Century Fox,1983,Adventure,
Pressure Cooker,Activision,Activision,1983,Action,
Private Eye,Activision (Bob Whitehead),Activision,1983,Action,
Pyramid War,,S.S.,1983,,PAL release
Q*bert,James Wickstead Design Associates,Parker Brothers,1983,Action,Reissued by Atari in 1988 (CX-26150)
Q*bert's Qubes,Mylstar Electronics,Parker Brothers,1984,Action,
Quest for Quintana Roo,VSS,Sunrise,1983,"Action, Adventure",
Quick Step,Imagic,Imagic,1983,Action,
Rabbit Transit (cassette),Starpath,Starpath,1983,Action,
Racquetball,Apollo,Apollo,1981,"Action, Sports",
Radar,,Zellers,1983,,unlicensed reproduction of Cruise Missile
Raft Rider,Western Technologies,U.S. Games,1983,Action,
Ram It,Telesys,Telesys,1983,Action,
Rampage,Bob Polaro,Activision,1989,Action,licensed by Bally Midway.
Reactor,D. Gottlieb & Co.,Parker Brothers,1982,Action,
Red Sea Crossing,Steve Schustack,Inspirational Video Concepts,1983,,Only available through mail order from a magazine. 100 copies were apparently produced but only 2 have been found.
Rescue Terra 1,VentureVision,VentureVision,1982,Action,
Revenge of the Beefsteak Tomatoes,20th Century Fox,20th Century Fox,1983,Action,
Riddle of the Sphinx,Imagic (Bob Smith),Imagic,1982,"Action, Adventure",
River Patrol,Orca Corporation,Tigervision,1984,Action,
River Raid,Activision (Carol Shaw),Activision,1982,Action,
River Raid II,Imagineering,Activision,1988,Action,
Robin Hood/Sir Lancelot - The Joust,"Computer Magic, Ltd.",Xonox,1983,Action,double-ended cartridge
Robin Hood,Xonox,Xonox,1983,Action,
Robot Commando Raid,,VidTec,1982,,
Robot Tank,Activision (Alan Miller),Activision,1983,Action,
Roc'n Rope,Coleco,Coleco,1984,Action,licensed by Konami
Room of Doom,CommaVid,CommaVid,1982,Action,
Save Our Ship,,Technovision,1983,,PAL release
Scuba Diver,,Panda,1983,,
Sea Hawk,Froggo,Froggo,1988,Action,
Seahawk,,Sancho (Tang's Electronic Co.),1982,Action,
Seamonster,,Puzzy / Bit Corporation,1982,Action,
Seaquest,Activision,Activision,1983,Action,
Sea Hunt,Froggo,Froggo,1987,Action,Froggo's release of Panda's Scuba Diver
Shark Attack,,Apollo,1982,,"A re-release of Lochjaw, which has subtle differences"
Shootin' Gallery,Imagic,Imagic,1983,Action,
Shuttle Orbiter,Avalon Hill,Avalon Hill,1983,"Action, Simulation",
Sir Lancelot,Xonox,Xonox,1983,Action,
Skate Boardin': A Radical Adventure,Imagineering,Absolute Entertainment,1987,"Action, Sports",
Skeet Shoot,Apollo,Apollo,1981,Action,
Skiing,Activision (Bob Whitehead),Activision,1980,Sports,
Sky Jinks,Activision (Bob Whitehead),Activision,1982,Racing / Driving,
Sky Skipper,Parker Brothers,Parker Brothers,1983,Action,
Smurf: Rescue in Gargamel's Castle,James Wickstead Design Associates,Coleco,1982,Action,
The Smurfs Save the Day[19],,Coleco,1983,Action,Kid Vid Voice Module required to function
Snail Against Squirrel,,Bit Corporation,1983,Action,PAL release. Released in NTSC format as Squirrel
Sneak 'N Peek,James Wickstead Design Associates,U.S. Games,1982,Simulation,
Solar Fox,CBS Electronics,CBS Electronics,1983,Action,licensed by Bally Midway
Solar Storm,Imagic,Imagic,1983,Action,
Sorcerer,Mythicon,Mythicon,1983,Action,
Space Adventure,,Zellers,1981,,Zellers' release of 20th Century Fox's Flash Gordon
Space Attack,APh Technological Consulting,M Network,1982,Action,
Space Canyon,Apollo,Panda,1983,Action,Panda's release of Apollo's Space Cavern
Space Cavern,Apollo,Apollo,1982,Action,
Spacechase,Apollo,Apollo,1981,Action,
Space Grid,,Action Hi-Tech,,,PAL-format[13]
Space Jockey,James Wickstead Design Associates,U.S. Games,1982,Action,
Spacemaster X-7,Sirius Software,20th Century Fox,1983,"Action, Strategy",
Space Shuttle: A Journey into Space,Activision,Activision,1983,Simulation,
Spiderdroid,Froggo,Froggo,1987,Action,Froggo's release of Parker Brothers' Amidar
Spider Fighter,Activision,Activision,1982,Action,
Spider-Man,Parker Brothers,Parker Brothers,1982,Action,
Spider Maze,,K-Tel Vision,1982,,K-Tel Vision's NTSC release of Funvision's Inca Gold
Spike's Peak,Xonox,Xonox,1983,Action,
Spitfire Attack,Milton Bradley,Milton Bradley,1983,Action,
Springer,Orca Corporation,Tigervision,1983,Action,
Spy Hunter,Sega,Sega,1984,"Action, Racing / Driving",licensed by Bally Midway
Squeeze Box,James Wickstead Design Associates,U.S. Games,1982,Action,
Sssnake,Data Age,Data Age,1982,Action,
Stampede,Activision (Bob Whitehead),Activision,1981,Action,
Star Fox,Mythicon,Mythicon,1983,Action,
Stargunner,Telesys,Telesys,1982,Action,
Starmaster,Activision (Alan Miller),Activision,1982,Action,
Star Strike,Mattel Electronics,M Network,1982,Action,conversion of Intellivision Star Strike
Star Trek: Strategic Operations Simulator,Sega,Sega,1983,Action,
Star Voyager,Imagic (Bob Smith),Imagic,1982,Action,
Star Wars: The Arcade Game,James Wickstead Design Associates,Parker Brothers,1984,Action,
Star Wars: Jedi Arena,Parker Brothers,Parker Brothers,1983,Action,
Star Wars Return of the Jedi: Death Star Battle,Parker Brothers,Parker Brothers,1983,Action,
Star Wars: The Empire Strikes Back,Parker Brothers,Parker Brothers,1982,Action,
Steeplechase,,Video Gems,1983,"Action, Sports",PAL-format[17]
Strategy X,Konami,Konami,1983,Action,PAL version released by Gakken.
Strawberry Shortcake: Musical Match-ups,Parker Brothers,Parker Brothers,1983,Strategy,
Stronghold,CommaVid,CommaVid,1983,Action,
Stunt Man,,Panda,1983,Action,Panda's NTSC release of Sancho's Nightmare
Sub-Scan,Sega,Sega,1983,Strategy,Sega's release of its Deep Scan arcade game
Subterranea,Imagic,Imagic,1983,Action,
Suicide Mission (cassette),Starpath,Starpath,1982,Action,
Summer Games,Epyx,Epyx,1987,"Action, Sports",
Super Baumeister,,Spectravision,1983,Arcade,PAL release of Master Builder
Super Challenge Baseball,APh Technological Consulting,M Network,1982,Sports,reissued by Telegames in 1988
Super Challenge Football,APh Technological Consulting,M Network,1982,Sports,reissued by Telegames in 1988
Super Cobra,Roklan Corporation,Parker Brothers,1983,Action,licensed by Konami
Surfer's Paradise: But Danger Below!,,Video Gems,1983,"Action, Sports",PAL-format
Survival Island (cassette),Starpath,Starpath,1983,Adventure,
Survival Run,Renaissance Technology,Milton Bradley,1983,Action,
Sword of Saros (cassette),Starpath,Starpath,1983,"Adventure, RPG",
Tac-Scan,Sega,Sega,1983,Action,
Tank Brigade,,Panda,1983,,Panda's NTSC release of Bit Corporation's Phantom Tank
Tank City,,Action Hi-Tech,,,PAL release of Sega's Thunderground
Tanks But No Tanks,,Zimag,1983,,Zimag's NTSC release of Bit Corporation's Phantom Tank
Tapeworm,Spectravision,Spectravision,1982,Action,
Tapper,Beck-Tech,Sega,1984,Action,
Task Force,,Froggo,1988,,Froggo's release of Spectravision's Gangster Alley
Tax Avoiders,Dunhill Electronics,American Videogame,1982,Action,
Tennis,Activision (Alan Miller),Activision,1981,Sports,
The Texas Chainsaw Massacre,VSS,Wizard Video,1983,Action,
Threshold,On-Line Systems,Tigervision,1983,Fixed shooter,
Thunderground,Sega,Sega,1983,Action,
Time Pilot,Coleco,Coleco,1983,Action,licensed by Konami
Time Warp,,Zellers,1983,,Zellers' NTSC release of Funvision's Time Warp
Title Match Pro Wrestling,Imagineering,Absolute Entertainment,1987,Sports,
Tomarc the Barbarian,Xonox,Xonox,1983,Action,
Tomcat: The F-14 Fighter Simulator AKA Dan Kitchen's Tomcat: The F-14 Fighter Simulator,Imagineering (Dan Kitchen),Absolute Entertainment,1988,"Action, Simulation",
Tooth Protectors,DSD,Camelot,1983,Action,Was only available via mail order from Johnson & Johnson
Towering Inferno,Western Technologies,U.S. Games,1982,Action,
Treasure Below,,Video Gems,1983,Action,PAL-format[17]
Trick Shot,Imagic,Imagic,1983,Sports,
Tron: Deadly Discs,APh Technological Consulting,M Network,1982,Action,conversion of Intellivision Tron: Deadly Discs
Tunnel Runner,CBS Electronics,CBS Electronics,1983,Action,
Turmoil,Sirius Software,20th Century Fox,1982,Action,
Tutankham,Parker Brothers,Parker Brothers,1983,Action,licensed by Konami
Universal Chaos,,Telegames,1983,Action,
Up'n Down,Sega,Sega,1984,"Action, Racing / Driving",
Venture,Coleco,Coleco,1982,Action,licensed by Exidy; reissued by Atari in 1988 (CX-26145)
Video Jogger,Exus Corporation,Exus Corporation,1983,Action,
Video Life,CommaVid,CommaVid,1981,Life Simulation,
Video Reflex,Exus Corporation,Exus Corporation,1983,Action,
Vulture Attack,,K-Tel Vision,1982,,K-Tel Vision's release of Ultravision's Condor Attack game program
Wabbit,Apollo,Apollo,1982,Action,
Wall Ball,,Avalon Hill,1983,,
Wall-Defender,Bomb,Bomb,1983,Action,
War Zone,,Action Hi-Tech,,,PAL release of 20th Century Fox's M*A*S*H
Warplock,Data Age,Data Age,1982,Action,
Weltraumtunnel (Space Tunnel),BitCorp,BitCorp - Quelle,1982,Action,"PAL-Release - Quelle-variant is a BitCorp-clone; also known e.g. as Ataque Laser, Innerspace, Laser Volley, Laser Gate, Laser Gates"
Westward Ho,PlayAround,PlayAround,1983,"Adult, Western","PlayAround’s rebrand of Custer’s Revenge, which never appeared in the US markets. PAL-only."
Wing War,Imagic,Imagic,1983,Action,PAL-only
Winter Games,Action Graphics,Epyx,1987,"Action, Sports",
Wizard of Wor,Roklan Corporation,CBS Electronics,1982,Action,licensed by Bally Midway
Word Zapper,James Wickstead Design Associates,U.S. Games,1982,Action,
Worm War I,Sirius Software,20th Century Fox,1982,Shooter,
X-Man,,Universal Gamex,1983,"Adult, Simulation",Adult-themed game unrelated to the X-Men.
The Year 1999,,Rainbow Vision,1983,Shooter,PAL exclusive
Z-Tack,Bomb,Bomb,1983,Action,
Zaxxon,Coleco,Coleco,1982,Action,licensed by Sega
Zoo Fun,,Suntek,1983,,PAL-only
2005 Minigame Multicart,"Chris Walton, Fred Quimby, Bob Montgomery, and Zach Matley",AtariAge,2005,Action,
2048 2600,Carlos Duarte do Nascimento (chesterbr),self-published,2014,Puzzle,Clone of 2048
A-VCS-tec Challenge,"Simon Quernhorst (Programmer), Paul Slocum (Music)",AtariAge,2006,Action,Clone of Aztec Challenge
Aardvark,Óscar Toledo G. and Thomas Jentzsch and Nathan Strum,AtariAge,2019,Action,Variation of Anteater
Actionauts,Rob Fulop,,2008,Simulation,Originally planned for release in 1984
Alfred Challenge,Eric Bacher,Ebivision,1998,Action,Platform-and-ladder game[citation needed]
Allia Quest,Igor Barzilai,Ebivision,2001,Action,Fixed shooter[citation needed]
Alien Greed,Chris Read,Self-Published,2007,Action,
Alien Greed 2,Scott Dayton,Neo Games,2008,Action,
Alien Greed 3,Chris Read,Neo Games,2010,Action,
Alien Greed 4,Chris Read,2600Connection,2012,Action,
Astronomer,Alex Pietrow,Packrat,2018,Simulation,A astronomy simulator where the player can use a telescope to observe stars. It is a pack in game for the Retron 77.
Bee-Ball,Ivan Machado,AtariAge,2007,Action,
Bell Hopper,Tomas Härdin,self-published,2011,Action,A demake of Winterbells. Placed 5th in the game development competition at Assembly Summer 2011.
Bigfoot Family Search,Jason Santuci and Bobby Alexander,,,,
Boulder Dash,Thomas Jentzsch and Andrew Davie,AtariAge,2011,Action,
Chetiry,"Chris Walton, Zach Matley, Fred Quimby",Atari Age,,Puzzle,Tetris clone. Melody Enhanced
Circus Convoy,Audacity Games,Audacity Games,2021,Action Adventure,"First game from publisher founded by David Crane, Garry Kitchen and Dan Kitchen."
Climber 5,Dennis Debro,XYPE,2004,Action,Included in the Activision Anthology.[22]Included in the Atari Flashback 2 as Atari Climber.
Conquest of Mars,Champ Games (John W. Champeau),AtariAge,2006,Action,Clone of Atari 8-bit family game Caverns of Mars[28]
Draconian,"SpiceWare (Darrell Spice, Jr.) Additional programming by Chris Walton. Music, Speech, Sound Effects by Michael Haas",AtariAge,2017,Action,"Clone of Arcade game Bosconian, Draconian includes levels from both arcade versions (Namco and Midway), plus original levels"
Dungeon,David Weavil,Atari Age,2009,Adventure,
Dungeon II: Solstice,David Weavil,Atari Age,2019,Adventure,
Duck Attack!,Will Nicholes,AtariAge,2010,Action-Adventure,Loosely based on Adventure
Edtris 2600,Ed Federmeyer,Hozer Video Games,1995,Strategy,Clone of Tetris
Euchre,Erik Eid,self-published,2002,Strategy,Included in the Activision Anthology as Video Euchre
Fall Down,Aaron Curtis,AtariAge,2005,Action,
FlapPing,Kirk Israel,AtariAge,2004,Action,
Four-Play,Zach Matley,AtariAge,2006,Strategy,
Galactopus!,Ric Pryor,AtariAge,2015,Action/Shooter,
Galagon,"John W. Champeau, Nathan Strum, Ross Keenum",AtariAge,2019,Action,Supports AtariVox/Savekey for saving high scores
Grizzards,"Bruce-Robert Pocock, Zephyr Salz",AtariAge,2022,RPG,"Supports AtariVox for voice. Contains save-to-cartridge circuitry on physical release, or uses AtariVox/Savekey for demo/download version."
Go Fish!,Bob Montgomery,AtariAge,2005,Action,
Gunfight,Manuel Rotschkar,XYPE,2001,Action,
Halo 2600,Ed Fries,AtariAge,2010,Action,Based on Bungie's Halo series; Fries was involved in Microsoft's acquisition of Bungie
Heist,Timothy Marsh,Self Published,2019,Action,
High Score Screen Burn Slow Burn,BJ Best,8bitclassics.com,2010,Action,High Score Screen Burn Slow Burn: The game that’s maybe not a game!
Hunchy II,Chris Walton,AtariAge,2005,Action,
Jammed,Thomas Jentzsch,XYPE,2001,Strategy,
Juno First,Chris Walton,AtariAge,2009,Action,Clone of arcade game of the same name.[citation needed]
K.O. Cruiser,Devin Cook,AtariAge,2010,Sports,
Lady Bug,Champ Games (John W. Champeau),AtariAge,2006,Action,Clone of arcade game of the same name.[citation needed]
Mappy,"John W. Champeau, Mike Haas, Thomas Jentzsch",AtariAge,2019,Action/Platform,"Clone of arcade game of the same name, AtariVox Enhanced"
Marble Craze,Paul Slocum,XYPE,2002,Action,
Mean Santa,John K. Harvey,2600 Connection [1],2009,Action/Strategy,
Medieval Mayhem,SpiceWare (Darrell Spice Jr.),AtariAge,2006,Action,Remake of Warlords that adds arcade features missing from the original home version.
Monkey King,Alex Pietrow,,2018,Action,Strategic endless runner.
Okie Dokie,Bob Colbert,Retroware,1996,Strategy,Included in the Activision Anthology
Oystron,Piero Cavina,XYPE,1997/1998,Action,Included in the Activision Anthology
Pesco,Eric Bacher,Ebivision,1999,Action,
Pick Up,20th Century Fox,Mark Klein,2002,Shooter,"Finished, but unreleased until self-published at 2002 Classic Gaming Expo"
Pressure Gauge,John K. Harvey,Self-published,1999,Action/Puzzle,
Princess Rescue,Chris Spry,AtariAge,2013,Action,Clone of Super Mario Bros.
Qb,Andrew Davie,XYPE,2001,Action/Puzzle,
Scramble,John W. Champeau (Champ Games),AtariAge,2016,Action,Clone of arcade game of the same name.
Seawolf,Manuel Rotschkar,XYPE,2004,Action,
Shield Shifter,John Reder,Good Deal Games,2009,,
Skeleton+,Eric Ball,AtariAge,2003,First-person shooter,Included in the Activision Anthology
Snappy,Sebastian Mihai,Self Published,2012,Action,
Sound X,Ed Federmeyer,Hozer Video Games,1994,Music,
Space Game,"Karl Garrison, Maggie Vogel",AtariAge,2018,Action,AtariVox Enhanced
Space Rocks,"Darrell Spice, Jr.",AtariAge,2013,Action,AtariVox Enhanced
Space Treat Deluxe,Fabrizio Zavagli,AtariAge,2003,Action,Included in the Activision Anthology
Space Instigators,Christopher Tumber,XYPE,2002,Action,
Squish 'Em,Bob Montgomery,AtariAge,2007,Action,Clone of Atari 8-bit family game of the same name.
The Stacks,Mike Mika and Kevin Wilson,Parzavision,2011,Action,Pitfall!-like game based on a fictional homebrew mentioned in the novel Ready Player One and made downloadable at http://anoraksalmanac.com/gate1/stacks/ as part of a contest to win a DMC DeLorean
Star Fire,"Manuel Rotschkar, Thomas Jentzsch",XYPE,2003,Action,Clone of arcade game of the same name.
Stay Frosty,SpiceWare (Darrell Spice Jr.),AtariAge,2007,Action,Also included on 2007 AtariAge Holiday Cart: Stella's Stocking
Stay Frosty 2,SpiceWare (Darrell Spice Jr.),AtariAge,2014,Action,
Stell-A-Sketch/Okie Dokie,Bob Colbert,Retroware,1997,Strategy,
Strat-O-Gems Deluxe,John Payson,AtariAge,2005,Strategy,
Super Cobra Arcade,Champ Games (John W. Champeau),AtariAge,2017,Action,Clone of arcade game Super Cobra
SWOOPS!,Thomas Jentzsch,AtariAge,2005,Action,
Synthcart,Paul Slocum,AtariAge,2002,Music,[31] Keyboard controllers are used to create sound loops
Thrust,Thomas Jentzsch,XYPE,2000,Action,[31] Clone of computer game of same name. Re-released with enhancements in 2002 as Thrust+ DC Edition and in 2003 as Thrust+ Platinum
Toyshop Trouble,"John Payson, Zach Matley, Bob Montgomery, Thomas Jentzsch, Nathan Strum",AtariAge,2007,Action,[31] Also released in 2006 as 2006 AtariAge Holiday Cart: Toyshop Trouble
Turbo,AtariAge,AtariAge,2010,Racing / Driving,Clone of arcade game of the same name.[citation needed]
Vault Assault,Brian Prescott,self-published,2001,Action,Included in the Activision Anthology[22]
Vong,Rick Skrbina,self-published,2008,Sports,[37]
Wall Jump Ninja,Walaber,AtariAge,2015,Action,Supports the AtariVox
Warring Worms,Baroque Gaming (Billy Eno),AtariAge,2002,Action,[31] Expanded and re-released in 2005 as Warring Worms: The Worm (Re)Turns
The Wicked Father,Juno (Jamie Hamshere),self-published,2011,Action,
Zippy the Porcupine,Chris Spry,AtariAge,2015,Action,Game based on Sonic the Hedgehog
Zoo Keeper,Champ Games (John W. Champeau),AtariAge,2021,Action,Clone of arcade game of the same name.[38]
